paper_id,filename,theme
1,navigating-through-renewed-economic-uncertainty_3.pdf,Populism and Extremism
1,navigating-through-renewed-economic-uncertainty_3.pdf,Climate and Environment
1,navigating-through-renewed-economic-uncertainty_3.pdf,"Education, Research and Youth"
1,navigating-through-renewed-economic-uncertainty_3.pdf,Social Protection and Housing
2,the-ukraine-war-and-its-implications-for-european-security__CES-POLICY-BRIEF-The-Ukraine-War-WEB.pdf,EU Enlargement
2,the-ukraine-war-and-its-implications-for-european-security__CES-POLICY-BRIEF-The-Ukraine-War-WEB.pdf,Middle East and North Africa
2,the-ukraine-war-and-its-implications-for-european-security__CES-POLICY-BRIEF-The-Ukraine-War-WEB.pdf,Russia and Ukraine
2,the-ukraine-war-and-its-implications-for-european-security__CES-POLICY-BRIEF-The-Ukraine-War-WEB.pdf,South Caucasus and Central Asia
2,the-ukraine-war-and-its-implications-for-european-security__CES-POLICY-BRIEF-The-Ukraine-War-WEB.pdf,Defence and Military
2,the-ukraine-war-and-its-implications-for-european-security__CES-POLICY-BRIEF-The-Ukraine-War-WEB.pdf,Transatlantic Relations
3,the-future-of-transatlantic-relations_ciolan-moyer-2025-navigating-uncertainty-where-are-eu-us-relations-headed.pdf,China
3,the-future-of-transatlantic-relations_ciolan-moyer-2025-navigating-uncertainty-where-are-eu-us-relations-headed.pdf,Middle East and North Africa
3,the-future-of-transatlantic-relations_ciolan-moyer-2025-navigating-uncertainty-where-are-eu-us-relations-headed.pdf,Russia and Ukraine
3,the-future-of-transatlantic-relations_ciolan-moyer-2025-navigating-uncertainty-where-are-eu-us-relations-headed.pdf,Trade
3,the-future-of-transatlantic-relations_ciolan-moyer-2025-navigating-uncertainty-where-are-eu-us-relations-headed.pdf,Transatlantic Relations
4,why-there-cannot-be-climate-refugees__Climate-Refugees-In-Brief.pdf,Russia and Ukraine
4,why-there-cannot-be-climate-refugees__Climate-Refugees-In-Brief.pdf,Climate and Environment
4,why-there-cannot-be-climate-refugees__Climate-Refugees-In-Brief.pdf,Migration
6,activity-report-2023__Activity-Report-2023.pdf,China
6,activity-report-2023__Activity-Report-2023.pdf,Russia and Ukraine
6,activity-report-2023__Activity-Report-2023.pdf,Climate and Environment
6,activity-report-2023__Activity-Report-2023.pdf,Industrial and Economic Policy
6,activity-report-2023__Activity-Report-2023.pdf,Defence and Military
6,activity-report-2023__Activity-Report-2023.pdf,Transatlantic Relations
7,immigration-to-europe-the-big-picture-for-the-eu-and-its-member-states__Martens-Centre-Research-Paper.pdf,Populism and Extremism
7,immigration-to-europe-the-big-picture-for-the-eu-and-its-member-states__Martens-Centre-Research-Paper.pdf,Labour Market
7,immigration-to-europe-the-big-picture-for-the-eu-and-its-member-states__Martens-Centre-Research-Paper.pdf,Migration
7,immigration-to-europe-the-big-picture-for-the-eu-and-its-member-states__Martens-Centre-Research-Paper.pdf,Social Protection and Housing
8,the-7ds-digitalisation-in-depth__Digitalisation.pdf,China
8,the-7ds-digitalisation-in-depth__Digitalisation.pdf,AI and Technology
8,the-7ds-digitalisation-in-depth__Digitalisation.pdf,Climate and Environment
8,the-7ds-digitalisation-in-depth__Digitalisation.pdf,"Education, Research and Youth"
8,the-7ds-digitalisation-in-depth__Digitalisation.pdf,Industrial and Economic Policy
9,sustainable-europe-cross-cutting-strategies-for-a-future-proof-union_3.pdf,Russia and Ukraine
9,sustainable-europe-cross-cutting-strategies-for-a-future-proof-union_3.pdf,Defence and Military
9,sustainable-europe-cross-cutting-strategies-for-a-future-proof-union_3.pdf,Transatlantic Relations
10,the-7ds-demography-in-depth__Demography.pdf,Climate and Environment
10,the-7ds-demography-in-depth__Demography.pdf,"Education, Research and Youth"
10,the-7ds-demography-in-depth__Demography.pdf,Demographics
10,the-7ds-demography-in-depth__Demography.pdf,Labour Market
10,the-7ds-demography-in-depth__Demography.pdf,Social Protection and Housing
11,sustainable-europe-cross-cutting-strategies-for-a-future-proof-union_2.pdf,European Identity and Values
11,sustainable-europe-cross-cutting-strategies-for-a-future-proof-union_2.pdf,Populism and Extremism
11,sustainable-europe-cross-cutting-strategies-for-a-future-proof-union_2.pdf,China
11,sustainable-europe-cross-cutting-strategies-for-a-future-proof-union_2.pdf,Climate and Environment
11,sustainable-europe-cross-cutting-strategies-for-a-future-proof-union_2.pdf,Transatlantic Relations
12,the-future-of-transatlantic-relations_echikson-2025-trump-tech-and-transatlantic-turbulence.pdf,China
12,the-future-of-transatlantic-relations_echikson-2025-trump-tech-and-transatlantic-turbulence.pdf,Industrial and Economic Policy
12,the-future-of-transatlantic-relations_echikson-2025-trump-tech-and-transatlantic-turbulence.pdf,Transatlantic Relations
13,the-state-of-the-european-union-a-need-for-unity-and-solidarity__The-State-of-the-European-Union-A-Need-for-Unity-and-Solidarity.pdf,Populism and Extremism
13,the-state-of-the-european-union-a-need-for-unity-and-solidarity__The-State-of-the-European-Union-A-Need-for-Unity-and-Solidarity.pdf,Western Balkans
13,the-state-of-the-european-union-a-need-for-unity-and-solidarity__The-State-of-the-European-Union-A-Need-for-Unity-and-Solidarity.pdf,"Education, Research and Youth"
15,navigating-through-renewed-economic-uncertainty_2.pdf,Populism and Extremism
15,navigating-through-renewed-economic-uncertainty_2.pdf,Industrial and Economic Policy
15,navigating-through-renewed-economic-uncertainty_2.pdf,Social Protection and Housing
15,navigating-through-renewed-economic-uncertainty_2.pdf,Transatlantic Relations
16,the-future-of-transatlantic-relations_Make-the-West-Great-Again-1.pdf,Populism and Extremism
16,the-future-of-transatlantic-relations_Make-the-West-Great-Again-1.pdf,Russia and Ukraine
16,the-future-of-transatlantic-relations_Make-the-West-Great-Again-1.pdf,Transatlantic Relations
17,international-cooperation-in-a-new-era-the-eus-quest-for-like-minded-partners-latin-american-and-caribbean__International-Cooperation-in-a-New-Era.pdf,Asia and Indo-Pacific
17,international-cooperation-in-a-new-era-the-eus-quest-for-like-minded-partners-latin-american-and-caribbean__International-Cooperation-in-a-New-Era.pdf,China
17,international-cooperation-in-a-new-era-the-eus-quest-for-like-minded-partners-latin-american-and-caribbean__International-Cooperation-in-a-New-Era.pdf,EU Enlargement
17,international-cooperation-in-a-new-era-the-eus-quest-for-like-minded-partners-latin-american-and-caribbean__International-Cooperation-in-a-New-Era.pdf,Latin America and the Caribbean
17,international-cooperation-in-a-new-era-the-eus-quest-for-like-minded-partners-latin-american-and-caribbean__International-Cooperation-in-a-New-Era.pdf,Trade
17,international-cooperation-in-a-new-era-the-eus-quest-for-like-minded-partners-latin-american-and-caribbean__International-Cooperation-in-a-New-Era.pdf,Transatlantic Relations
18,why-we-still-need-parties-the-resilience-of-europes-political-parties-explained__Why-We-Still-Need-Parties.pdf,Elections and Parties
18,why-we-still-need-parties-the-resilience-of-europes-political-parties-explained__Why-We-Still-Need-Parties.pdf,European Identity and Values
18,why-we-still-need-parties-the-resilience-of-europes-political-parties-explained__Why-We-Still-Need-Parties.pdf,Populism and Extremism
19,did-secularisation-kill-god-changes-in-religiosity-and-values-among-natives-and-migrants-in-europe__Did-Secularisation-Kill-God.pdf,European Identity and Values
19,did-secularisation-kill-god-changes-in-religiosity-and-values-among-natives-and-migrants-in-europe__Did-Secularisation-Kill-God.pdf,Populism and Extremism
19,did-secularisation-kill-god-changes-in-religiosity-and-values-among-natives-and-migrants-in-europe__Did-Secularisation-Kill-God.pdf,Migration
20,the-future-of-nato-demise-reform-or-rebirth__The-Future-of-NATO.pdf,EU Enlargement
20,the-future-of-nato-demise-reform-or-rebirth__The-Future-of-NATO.pdf,Russia and Ukraine
20,the-future-of-nato-demise-reform-or-rebirth__The-Future-of-NATO.pdf,Defence and Military
20,the-future-of-nato-demise-reform-or-rebirth__The-Future-of-NATO.pdf,Transatlantic Relations
21,sustainable-europe-cross-cutting-strategies-for-a-future-proof-union_1.pdf,Climate and Environment
21,sustainable-europe-cross-cutting-strategies-for-a-future-proof-union_1.pdf,"Education, Research and Youth"
21,sustainable-europe-cross-cutting-strategies-for-a-future-proof-union_1.pdf,Social Protection and Housing
22,ukraine-as-a-locus-of-identity-why-history-and-culture-matter__Martens-Centre-In-Focus.pdf,Russia and Ukraine
22,ukraine-as-a-locus-of-identity-why-history-and-culture-matter__Martens-Centre-In-Focus.pdf,Transatlantic Relations
23,explaining-the-rise-of-the-radical-right-in-europe__Martens-Centre-Policy-Brief.pdf,European Identity and Values
23,explaining-the-rise-of-the-radical-right-in-europe__Martens-Centre-Policy-Brief.pdf,Populism and Extremism
24,navigating-through-renewed-economic-uncertainty_1.pdf,Populism and Extremism
24,navigating-through-renewed-economic-uncertainty_1.pdf,China
24,navigating-through-renewed-economic-uncertainty_1.pdf,Middle East and North Africa
24,navigating-through-renewed-economic-uncertainty_1.pdf,Russia and Ukraine
24,navigating-through-renewed-economic-uncertainty_1.pdf,Climate and Environment
24,navigating-through-renewed-economic-uncertainty_1.pdf,Industrial and Economic Policy
24,navigating-through-renewed-economic-uncertainty_1.pdf,Trade
24,navigating-through-renewed-economic-uncertainty_1.pdf,Transatlantic Relations
25,how-mainstream-parties-can-defend-democracy-by-adopting-parts-of-the-populist-agenda__Democracy-and-Populism-In-Brief.pdf,Elections and Parties
25,how-mainstream-parties-can-defend-democracy-by-adopting-parts-of-the-populist-agenda__Democracy-and-Populism-In-Brief.pdf,European Identity and Values
25,how-mainstream-parties-can-defend-democracy-by-adopting-parts-of-the-populist-agenda__Democracy-and-Populism-In-Brief.pdf,Populism and Extremism
25,how-mainstream-parties-can-defend-democracy-by-adopting-parts-of-the-populist-agenda__Democracy-and-Populism-In-Brief.pdf,Social Protection and Housing
26,navigating-through-renewed-economic-uncertainty_5.pdf,China
26,navigating-through-renewed-economic-uncertainty_5.pdf,Russia and Ukraine
26,navigating-through-renewed-economic-uncertainty_5.pdf,Energy
27,navigating-demographic-dynamics-strategies-for-tomorrow_9.pdf,Climate and Environment
27,navigating-demographic-dynamics-strategies-for-tomorrow_9.pdf,Industrial and Economic Policy
27,navigating-demographic-dynamics-strategies-for-tomorrow_9.pdf,Labour Market
27,navigating-demographic-dynamics-strategies-for-tomorrow_9.pdf,Social Protection and Housing
28,re-new-eu-recovery-reopening-and-revival__Renew-EU-Recovery-Reopening-and-Revival.pdf,EU Enlargement
28,re-new-eu-recovery-reopening-and-revival__Renew-EU-Recovery-Reopening-and-Revival.pdf,Social Protection and Housing
29,the-future-of-transatlantic-relations_Make-the-West-Great-Again.pdf,Populism and Extremism
29,the-future-of-transatlantic-relations_Make-the-West-Great-Again.pdf,Russia and Ukraine
29,the-future-of-transatlantic-relations_Make-the-West-Great-Again.pdf,Transatlantic Relations
30,activity-report-2024__AR-2024.pdf,China
30,activity-report-2024__AR-2024.pdf,EU Enlargement
30,activity-report-2024__AR-2024.pdf,Russia and Ukraine
30,activity-report-2024__AR-2024.pdf,Industrial and Economic Policy
30,activity-report-2024__AR-2024.pdf,Defence and Military
30,activity-report-2024__AR-2024.pdf,Transatlantic Relations
31,from-bad-to-worse-the-continuing-effects-of-sanctions-on-russia__From-Bad-to-Worse.pdf,Russia and Ukraine
32,sustainable-europe-cross-cutting-strategies-for-a-future-proof-union_5.pdf,Populism and Extremism
32,sustainable-europe-cross-cutting-strategies-for-a-future-proof-union_5.pdf,Climate and Environment
32,sustainable-europe-cross-cutting-strategies-for-a-future-proof-union_5.pdf,Industrial and Economic Policy
32,sustainable-europe-cross-cutting-strategies-for-a-future-proof-union_5.pdf,Social Protection and Housing
33,sustainable-europe-cross-cutting-strategies-for-a-future-proof-union_4.pdf,AI and Technology
33,sustainable-europe-cross-cutting-strategies-for-a-future-proof-union_4.pdf,Climate and Environment
33,sustainable-europe-cross-cutting-strategies-for-a-future-proof-union_4.pdf,Industrial and Economic Policy
34,navigating-demographic-dynamics-strategies-for-tomorrow_8.pdf,Labour Market
34,navigating-demographic-dynamics-strategies-for-tomorrow_8.pdf,Migration
34,navigating-demographic-dynamics-strategies-for-tomorrow_8.pdf,Social Protection and Housing
35,enhancing-election-integrity-by-strengthening-eu-defences-against-disinformation__Elections-Integrity-Policy-Brief.pdf,Elections and Parties
35,enhancing-election-integrity-by-strengthening-eu-defences-against-disinformation__Elections-Integrity-Policy-Brief.pdf,Disinformation and Cybersecurity
36,navigating-through-renewed-economic-uncertainty_4.pdf,Asia and Indo-Pacific
36,navigating-through-renewed-economic-uncertainty_4.pdf,China
36,navigating-through-renewed-economic-uncertainty_4.pdf,Russia and Ukraine
36,navigating-through-renewed-economic-uncertainty_4.pdf,South Caucasus and Central Asia
36,navigating-through-renewed-economic-uncertainty_4.pdf,Climate and Environment
36,navigating-through-renewed-economic-uncertainty_4.pdf,Energy
36,navigating-through-renewed-economic-uncertainty_4.pdf,Industrial and Economic Policy
36,navigating-through-renewed-economic-uncertainty_4.pdf,Infrastructure and Transport
36,navigating-through-renewed-economic-uncertainty_4.pdf,Trade
36,navigating-through-renewed-economic-uncertainty_4.pdf,Transatlantic Relations
37,navigating-through-renewed-economic-uncertainty_6.pdf,Industrial and Economic Policy
37,navigating-through-renewed-economic-uncertainty_6.pdf,Trade
38,attitudes-towards-the-eu-among-the-transylvanian-hungarians__ces2023_report_eng_autumn.pdf,EU Enlargement
38,attitudes-towards-the-eu-among-the-transylvanian-hungarians__ces2023_report_eng_autumn.pdf,Western Balkans
39,chinas-electric-vehicle-challenge-to-europe-red-flags-and-red-lines__Martens-Centre-Policy-Brief-1.pdf,Asia and Indo-Pacific
39,chinas-electric-vehicle-challenge-to-europe-red-flags-and-red-lines__Martens-Centre-Policy-Brief-1.pdf,China
39,chinas-electric-vehicle-challenge-to-europe-red-flags-and-red-lines__Martens-Centre-Policy-Brief-1.pdf,Climate and Environment
39,chinas-electric-vehicle-challenge-to-europe-red-flags-and-red-lines__Martens-Centre-Policy-Brief-1.pdf,Industrial and Economic Policy
39,chinas-electric-vehicle-challenge-to-europe-red-flags-and-red-lines__Martens-Centre-Policy-Brief-1.pdf,Infrastructure and Transport
39,chinas-electric-vehicle-challenge-to-europe-red-flags-and-red-lines__Martens-Centre-Policy-Brief-1.pdf,Trade
39,chinas-electric-vehicle-challenge-to-europe-red-flags-and-red-lines__Martens-Centre-Policy-Brief-1.pdf,Transatlantic Relations
40,sustainable-europe-cross-cutting-strategies-for-a-future-proof-union_6.pdf,Asia and Indo-Pacific
40,sustainable-europe-cross-cutting-strategies-for-a-future-proof-union_6.pdf,China
40,sustainable-europe-cross-cutting-strategies-for-a-future-proof-union_6.pdf,Climate and Environment
40,sustainable-europe-cross-cutting-strategies-for-a-future-proof-union_6.pdf,Industrial and Economic Policy
40,sustainable-europe-cross-cutting-strategies-for-a-future-proof-union_6.pdf,Trade
40,sustainable-europe-cross-cutting-strategies-for-a-future-proof-union_6.pdf,Transatlantic Relations
41,sustainable-europe-cross-cutting-strategies-for-a-future-proof-union_7.pdf,Climate and Environment
41,sustainable-europe-cross-cutting-strategies-for-a-future-proof-union_7.pdf,"Education, Research and Youth"
41,sustainable-europe-cross-cutting-strategies-for-a-future-proof-union_7.pdf,Demographics
41,sustainable-europe-cross-cutting-strategies-for-a-future-proof-union_7.pdf,Labour Market
41,sustainable-europe-cross-cutting-strategies-for-a-future-proof-union_7.pdf,Social Protection and Housing
42,the-future-of-transatlantic-relations_Lete.pdf,Asia and Indo-Pacific
42,the-future-of-transatlantic-relations_Lete.pdf,China
42,the-future-of-transatlantic-relations_Lete.pdf,EU Enlargement
42,the-future-of-transatlantic-relations_Lete.pdf,Middle East and North Africa
42,the-future-of-transatlantic-relations_Lete.pdf,Russia and Ukraine
42,the-future-of-transatlantic-relations_Lete.pdf,South Caucasus and Central Asia
42,the-future-of-transatlantic-relations_Lete.pdf,Defence and Military
42,the-future-of-transatlantic-relations_Lete.pdf,Transatlantic Relations
43,a-better-deal-for-climate-and-european-competitiveness-policy-proposals-for-the-european-centre-right__A-Better-Deal-for-Climate-and-European-Competitiveness.pdf,China
43,a-better-deal-for-climate-and-european-competitiveness-policy-proposals-for-the-european-centre-right__A-Better-Deal-for-Climate-and-European-Competitiveness.pdf,Climate and Environment
43,a-better-deal-for-climate-and-european-competitiveness-policy-proposals-for-the-european-centre-right__A-Better-Deal-for-Climate-and-European-Competitiveness.pdf,Energy
43,a-better-deal-for-climate-and-european-competitiveness-policy-proposals-for-the-european-centre-right__A-Better-Deal-for-Climate-and-European-Competitiveness.pdf,Industrial and Economic Policy
44,navigating-through-renewed-economic-uncertainty_7.pdf,Financial Stability
44,navigating-through-renewed-economic-uncertainty_7.pdf,Populism and Extremism
46,navigating-demographic-dynamics-strategies-for-tomorrow_European-View-Spring-2024.pdf,Demographics
47,the-future-of-transatlantic-relations_novotny-2025-migrant-repatriations-as-a-transatlantic-challenge-some-legal-methodological-and-democratic-considerations.pdf,Migration
47,the-future-of-transatlantic-relations_novotny-2025-migrant-repatriations-as-a-transatlantic-challenge-some-legal-methodological-and-democratic-considerations.pdf,Social Protection and Housing
48,reforming-economic-and-monetary-union-balancing-spending-and-public-debt-sustainability__Reforming-Economic-and-Monetary-Union-Policy-Brief.pdf,Financial Stability
48,reforming-economic-and-monetary-union-balancing-spending-and-public-debt-sustainability__Reforming-Economic-and-Monetary-Union-Policy-Brief.pdf,Climate and Environment
48,reforming-economic-and-monetary-union-balancing-spending-and-public-debt-sustainability__Reforming-Economic-and-Monetary-Union-Policy-Brief.pdf,Industrial and Economic Policy
49,the-7ds-de-risking-globalisation-in-depth__Derisking-Globalisation.pdf,Asia and Indo-Pacific
49,the-7ds-de-risking-globalisation-in-depth__Derisking-Globalisation.pdf,China
49,the-7ds-de-risking-globalisation-in-depth__Derisking-Globalisation.pdf,Climate and Environment
49,the-7ds-de-risking-globalisation-in-depth__Derisking-Globalisation.pdf,Industrial and Economic Policy
50,relations-between-the-eu-and-switzerland-too-much-to-lose-too-little-to-negotiate__Martens-Centre-Policy-Brief.pdf,EU Enlargement
50,relations-between-the-eu-and-switzerland-too-much-to-lose-too-little-to-negotiate__Martens-Centre-Policy-Brief.pdf,Trade
50,relations-between-the-eu-and-switzerland-too-much-to-lose-too-little-to-negotiate__Martens-Centre-Policy-Brief.pdf,Transatlantic Relations
51,the-7ds-demography-extended__Demography.pdf,Climate and Environment
51,the-7ds-demography-extended__Demography.pdf,"Education, Research and Youth"
51,the-7ds-demography-extended__Demography.pdf,Demographics
51,the-7ds-demography-extended__Demography.pdf,Labour Market
51,the-7ds-demography-extended__Demography.pdf,Social Protection and Housing
52,the-7ds-digitalisation-extended__Digitalisation.pdf,China
52,the-7ds-digitalisation-extended__Digitalisation.pdf,AI and Technology
52,the-7ds-digitalisation-extended__Digitalisation.pdf,Climate and Environment
52,the-7ds-digitalisation-extended__Digitalisation.pdf,"Education, Research and Youth"
52,the-7ds-digitalisation-extended__Digitalisation.pdf,Industrial and Economic Policy
52,the-7ds-digitalisation-extended__Digitalisation.pdf,Infrastructure and Transport
53,the-7ds-debt-extended__Debt.pdf,Climate and Environment
53,the-7ds-debt-extended__Debt.pdf,Industrial and Economic Policy
53,the-7ds-debt-extended__Debt.pdf,Social Protection and Housing
54,freedom-must-be-better-armed-than-tyranny-boosting-research-and-industrial-capacity-for-european-defence__Martens-Centre-Policy-Brief.pdf,China
54,freedom-must-be-better-armed-than-tyranny-boosting-research-and-industrial-capacity-for-european-defence__Martens-Centre-Policy-Brief.pdf,Russia and Ukraine
54,freedom-must-be-better-armed-than-tyranny-boosting-research-and-industrial-capacity-for-european-defence__Martens-Centre-Policy-Brief.pdf,Trade
54,freedom-must-be-better-armed-than-tyranny-boosting-research-and-industrial-capacity-for-european-defence__Martens-Centre-Policy-Brief.pdf,Defence and Military
54,freedom-must-be-better-armed-than-tyranny-boosting-research-and-industrial-capacity-for-european-defence__Martens-Centre-Policy-Brief.pdf,Transatlantic Relations
55,the-7ds-decarbonisation-extended__Decarbonisation.pdf,China
55,the-7ds-decarbonisation-extended__Decarbonisation.pdf,Climate and Environment
55,the-7ds-decarbonisation-extended__Decarbonisation.pdf,Energy
55,the-7ds-decarbonisation-extended__Decarbonisation.pdf,Industrial and Economic Policy
55,the-7ds-decarbonisation-extended__Decarbonisation.pdf,Infrastructure and Transport
56,christian-democracy-conservatism-and-the-challenge-of-the-extremes__Christian-Democracy-Conservatism-and-the-Challenge-of-the-Extremes.pdf,Elections and Parties
56,christian-democracy-conservatism-and-the-challenge-of-the-extremes__Christian-Democracy-Conservatism-and-the-Challenge-of-the-Extremes.pdf,European Identity and Values
56,christian-democracy-conservatism-and-the-challenge-of-the-extremes__Christian-Democracy-Conservatism-and-the-Challenge-of-the-Extremes.pdf,Populism and Extremism
57,resilience-unveiled-shaping-the-future-of-central-europe__Resilience-Unveiled-Shaping-the-Future-of-Central-Europe.pdf,Populism and Extremism
57,resilience-unveiled-shaping-the-future-of-central-europe__Resilience-Unveiled-Shaping-the-Future-of-Central-Europe.pdf,"Education, Research and Youth"
58,overcoming-the-geography-of-discontent-new-perspectives-and-innovative-solutions_8.pdf,China
58,overcoming-the-geography-of-discontent-new-perspectives-and-innovative-solutions_8.pdf,Russia and Ukraine
58,overcoming-the-geography-of-discontent-new-perspectives-and-innovative-solutions_8.pdf,South Caucasus and Central Asia
58,overcoming-the-geography-of-discontent-new-perspectives-and-innovative-solutions_8.pdf,Industrial and Economic Policy
58,overcoming-the-geography-of-discontent-new-perspectives-and-innovative-solutions_8.pdf,Transatlantic Relations
59,the-7ds-democracy-extended__Democracy.pdf,European Identity and Values
59,the-7ds-democracy-extended__Democracy.pdf,Populism and Extremism
59,the-7ds-democracy-extended__Democracy.pdf,Climate and Environment
59,the-7ds-democracy-extended__Democracy.pdf,"Education, Research and Youth"
59,the-7ds-democracy-extended__Democracy.pdf,Industrial and Economic Policy
60,challenges-of-belarusian-migration-in-the-eu__KA_book_2023_EN.pdf,Baltic Region
60,challenges-of-belarusian-migration-in-the-eu__KA_book_2023_EN.pdf,Russia and Ukraine
60,challenges-of-belarusian-migration-in-the-eu__KA_book_2023_EN.pdf,Migration
60,challenges-of-belarusian-migration-in-the-eu__KA_book_2023_EN.pdf,Social Protection and Housing
61,youth-of-the-epp-25-years-on-the-right-side-of-history__YEPP-25-Years-Publication.pdf,Populism and Extremism
61,youth-of-the-epp-25-years-on-the-right-side-of-history__YEPP-25-Years-Publication.pdf,"Education, Research and Youth"
62,overcoming-the-geography-of-discontent-new-perspectives-and-innovative-solutions_9.pdf,Russia and Ukraine
62,overcoming-the-geography-of-discontent-new-perspectives-and-innovative-solutions_9.pdf,Defence and Military
62,overcoming-the-geography-of-discontent-new-perspectives-and-innovative-solutions_9.pdf,Transatlantic Relations
63,the-future-of-transatlantic-relations_Europes-China-Challenge.pdf,Asia and Indo-Pacific
63,the-future-of-transatlantic-relations_Europes-China-Challenge.pdf,China
63,the-future-of-transatlantic-relations_Europes-China-Challenge.pdf,EU Enlargement
63,the-future-of-transatlantic-relations_Europes-China-Challenge.pdf,South Caucasus and Central Asia
63,the-future-of-transatlantic-relations_Europes-China-Challenge.pdf,Defence and Military
63,the-future-of-transatlantic-relations_Europes-China-Challenge.pdf,Transatlantic Relations
64,transatlantic-trade-and-technology-partners-or-rivals__Transatlantic-Trade-and-Technology-Partners-or-Rivals.pdf,Asia and Indo-Pacific
64,transatlantic-trade-and-technology-partners-or-rivals__Transatlantic-Trade-and-Technology-Partners-or-Rivals.pdf,China
64,transatlantic-trade-and-technology-partners-or-rivals__Transatlantic-Trade-and-Technology-Partners-or-Rivals.pdf,Industrial and Economic Policy
64,transatlantic-trade-and-technology-partners-or-rivals__Transatlantic-Trade-and-Technology-Partners-or-Rivals.pdf,Infrastructure and Transport
64,transatlantic-trade-and-technology-partners-or-rivals__Transatlantic-Trade-and-Technology-Partners-or-Rivals.pdf,Trade
64,transatlantic-trade-and-technology-partners-or-rivals__Transatlantic-Trade-and-Technology-Partners-or-Rivals.pdf,Transatlantic Relations
65,financing-politics-in-europe-a-political-party-roadmap-for-more-transparency-and-effectiveness__Financing-Politics-in-Europe.pdf,Populism and Extremism
65,financing-politics-in-europe-a-political-party-roadmap-for-more-transparency-and-effectiveness__Financing-Politics-in-Europe.pdf,Transatlantic Relations
66,middle-class-concerns-and-european-challenges-a-data-driven-study-from-a-centre-right-perspective__Middle-Class-Concerns-and-European-Challenges.pdf,European Identity and Values
66,middle-class-concerns-and-european-challenges-a-data-driven-study-from-a-centre-right-perspective__Middle-Class-Concerns-and-European-Challenges.pdf,Populism and Extremism
66,middle-class-concerns-and-european-challenges-a-data-driven-study-from-a-centre-right-perspective__Middle-Class-Concerns-and-European-Challenges.pdf,Russia and Ukraine
66,middle-class-concerns-and-european-challenges-a-data-driven-study-from-a-centre-right-perspective__Middle-Class-Concerns-and-European-Challenges.pdf,Transatlantic Relations
67,evaluating-chinas-space-capabilities-and-ambitions__Evaluating-Chinas-Space-Capabilities-and-Ambitions.pdf,Asia and Indo-Pacific
67,evaluating-chinas-space-capabilities-and-ambitions__Evaluating-Chinas-Space-Capabilities-and-Ambitions.pdf,China
67,evaluating-chinas-space-capabilities-and-ambitions__Evaluating-Chinas-Space-Capabilities-and-Ambitions.pdf,Industrial and Economic Policy
67,evaluating-chinas-space-capabilities-and-ambitions__Evaluating-Chinas-Space-Capabilities-and-Ambitions.pdf,Defence and Military
67,evaluating-chinas-space-capabilities-and-ambitions__Evaluating-Chinas-Space-Capabilities-and-Ambitions.pdf,Transatlantic Relations
68,security-and-defence-days-conference-proceedings__SDD-2022.pdf,Middle East and North Africa
68,security-and-defence-days-conference-proceedings__SDD-2022.pdf,Russia and Ukraine
68,security-and-defence-days-conference-proceedings__SDD-2022.pdf,Defence and Military
68,security-and-defence-days-conference-proceedings__SDD-2022.pdf,Transatlantic Relations
69,breaking-free-europes-path-to-greater-financial-autonomy__Martens-Centre-Policy-Brief.pdf,Transatlantic Relations
70,up-up-and-away-a-price-stability-guide-for-policymakers__Up-Up-and-Away.pdf,Populism and Extremism
70,up-up-and-away-a-price-stability-guide-for-policymakers__Up-Up-and-Away.pdf,Climate and Environment
70,up-up-and-away-a-price-stability-guide-for-policymakers__Up-Up-and-Away.pdf,Industrial and Economic Policy
70,up-up-and-away-a-price-stability-guide-for-policymakers__Up-Up-and-Away.pdf,Trade
70,up-up-and-away-a-price-stability-guide-for-policymakers__Up-Up-and-Away.pdf,Labour Market
71,ambitions-and-limits-the-deepening-security-dialogue-between-japan-and-the-european-union__Ambitions-and-Limits-The-Deepening-Security-Dialogue-Between-Japan-and-the-European-Union.pdf,Asia and Indo-Pacific
71,ambitions-and-limits-the-deepening-security-dialogue-between-japan-and-the-european-union__Ambitions-and-Limits-The-Deepening-Security-Dialogue-Between-Japan-and-the-European-Union.pdf,China
71,ambitions-and-limits-the-deepening-security-dialogue-between-japan-and-the-european-union__Ambitions-and-Limits-The-Deepening-Security-Dialogue-Between-Japan-and-the-European-Union.pdf,EU Enlargement
71,ambitions-and-limits-the-deepening-security-dialogue-between-japan-and-the-european-union__Ambitions-and-Limits-The-Deepening-Security-Dialogue-Between-Japan-and-the-European-Union.pdf,South Caucasus and Central Asia
71,ambitions-and-limits-the-deepening-security-dialogue-between-japan-and-the-european-union__Ambitions-and-Limits-The-Deepening-Security-Dialogue-Between-Japan-and-the-European-Union.pdf,Trade
71,ambitions-and-limits-the-deepening-security-dialogue-between-japan-and-the-european-union__Ambitions-and-Limits-The-Deepening-Security-Dialogue-Between-Japan-and-the-European-Union.pdf,Defence and Military
71,ambitions-and-limits-the-deepening-security-dialogue-between-japan-and-the-european-union__Ambitions-and-Limits-The-Deepening-Security-Dialogue-Between-Japan-and-the-European-Union.pdf,Transatlantic Relations
72,the-future-of-transatlantic-relations_walshe-2025-a-european-way-of-war-towards-doctrine-to-defend-against-russia-without-the-us.pdf,Russia and Ukraine
72,the-future-of-transatlantic-relations_walshe-2025-a-european-way-of-war-towards-doctrine-to-defend-against-russia-without-the-us.pdf,South Caucasus and Central Asia
72,the-future-of-transatlantic-relations_walshe-2025-a-european-way-of-war-towards-doctrine-to-defend-against-russia-without-the-us.pdf,Defence and Military
72,the-future-of-transatlantic-relations_walshe-2025-a-european-way-of-war-towards-doctrine-to-defend-against-russia-without-the-us.pdf,Transatlantic Relations
73,the-7ds-extended__The-7Ds-Extended.pdf,Climate and Environment
73,the-7ds-extended__The-7Ds-Extended.pdf,"Education, Research and Youth"
73,the-7ds-extended__The-7Ds-Extended.pdf,Industrial and Economic Policy
74,the-future-of-transatlantic-relations_brzuszkiewicz-2025-a-two-way-path-state-driven-and-bottom-up-social-change-in-contemporary-arab-gulf-monarchies.pdf,Middle East and North Africa
75,hedging-chaos-how-the-eu-japan-and-south-korea-can-shape-a-new-type-of-trading-power__Hedging-Chaos-Policy-Brief.pdf,Asia and Indo-Pacific
75,hedging-chaos-how-the-eu-japan-and-south-korea-can-shape-a-new-type-of-trading-power__Hedging-Chaos-Policy-Brief.pdf,China
75,hedging-chaos-how-the-eu-japan-and-south-korea-can-shape-a-new-type-of-trading-power__Hedging-Chaos-Policy-Brief.pdf,EU Enlargement
75,hedging-chaos-how-the-eu-japan-and-south-korea-can-shape-a-new-type-of-trading-power__Hedging-Chaos-Policy-Brief.pdf,Industrial and Economic Policy
75,hedging-chaos-how-the-eu-japan-and-south-korea-can-shape-a-new-type-of-trading-power__Hedging-Chaos-Policy-Brief.pdf,Trade
75,hedging-chaos-how-the-eu-japan-and-south-korea-can-shape-a-new-type-of-trading-power__Hedging-Chaos-Policy-Brief.pdf,Transatlantic Relations
76,eu-taiwan-ties-in-a-new-reality-time-for-an-upgrade__EU-Taiwan-Ties.pdf,Asia and Indo-Pacific
76,eu-taiwan-ties-in-a-new-reality-time-for-an-upgrade__EU-Taiwan-Ties.pdf,China
76,eu-taiwan-ties-in-a-new-reality-time-for-an-upgrade__EU-Taiwan-Ties.pdf,Russia and Ukraine
76,eu-taiwan-ties-in-a-new-reality-time-for-an-upgrade__EU-Taiwan-Ties.pdf,South Caucasus and Central Asia
76,eu-taiwan-ties-in-a-new-reality-time-for-an-upgrade__EU-Taiwan-Ties.pdf,Industrial and Economic Policy
76,eu-taiwan-ties-in-a-new-reality-time-for-an-upgrade__EU-Taiwan-Ties.pdf,Trade
76,eu-taiwan-ties-in-a-new-reality-time-for-an-upgrade__EU-Taiwan-Ties.pdf,Transatlantic Relations
77,mistaking-the-wood-for-the-trees-five-ways-the-eu-can-deliver-a-more-competitive-industrial-policy__Martens-Centre-In-Brief.pdf,Asia and Indo-Pacific
77,mistaking-the-wood-for-the-trees-five-ways-the-eu-can-deliver-a-more-competitive-industrial-policy__Martens-Centre-In-Brief.pdf,China
77,mistaking-the-wood-for-the-trees-five-ways-the-eu-can-deliver-a-more-competitive-industrial-policy__Martens-Centre-In-Brief.pdf,Climate and Environment
77,mistaking-the-wood-for-the-trees-five-ways-the-eu-can-deliver-a-more-competitive-industrial-policy__Martens-Centre-In-Brief.pdf,Industrial and Economic Policy
77,mistaking-the-wood-for-the-trees-five-ways-the-eu-can-deliver-a-more-competitive-industrial-policy__Martens-Centre-In-Brief.pdf,Infrastructure and Transport
77,mistaking-the-wood-for-the-trees-five-ways-the-eu-can-deliver-a-more-competitive-industrial-policy__Martens-Centre-In-Brief.pdf,Trade
77,mistaking-the-wood-for-the-trees-five-ways-the-eu-can-deliver-a-more-competitive-industrial-policy__Martens-Centre-In-Brief.pdf,Transatlantic Relations
78,the-power-of-opacity-eu-responses-to-weaponised-migration__CES_POLICY-BRIEF_Power-of-Opacity-WEB.pdf,Populism and Extremism
78,the-power-of-opacity-eu-responses-to-weaponised-migration__CES_POLICY-BRIEF_Power-of-Opacity-WEB.pdf,Russia and Ukraine
78,the-power-of-opacity-eu-responses-to-weaponised-migration__CES_POLICY-BRIEF_Power-of-Opacity-WEB.pdf,Infrastructure and Transport
78,the-power-of-opacity-eu-responses-to-weaponised-migration__CES_POLICY-BRIEF_Power-of-Opacity-WEB.pdf,Migration
79,cross-border-movements-compared-migration-from-and-to-ukraine-in-historical-comparison-with-other-conflict-induced-situations__Cross-Border-Migration-In-Brief.pdf,Russia and Ukraine
79,cross-border-movements-compared-migration-from-and-to-ukraine-in-historical-comparison-with-other-conflict-induced-situations__Cross-Border-Migration-In-Brief.pdf,South Caucasus and Central Asia
79,cross-border-movements-compared-migration-from-and-to-ukraine-in-historical-comparison-with-other-conflict-induced-situations__Cross-Border-Migration-In-Brief.pdf,Western Balkans
79,cross-border-movements-compared-migration-from-and-to-ukraine-in-historical-comparison-with-other-conflict-induced-situations__Cross-Border-Migration-In-Brief.pdf,Migration
80,the-future-of-transatlantic-relations_Welle.pdf,European Identity and Values
80,the-future-of-transatlantic-relations_Welle.pdf,Populism and Extremism
80,the-future-of-transatlantic-relations_Welle.pdf,China
80,the-future-of-transatlantic-relations_Welle.pdf,Russia and Ukraine
80,the-future-of-transatlantic-relations_Welle.pdf,Industrial and Economic Policy
80,the-future-of-transatlantic-relations_Welle.pdf,Transatlantic Relations
81,proposal-for-the-european-commission-white-paper-on-the-future-of-european-defence__Proposal-EU-Defence.pdf,Russia and Ukraine
81,proposal-for-the-european-commission-white-paper-on-the-future-of-european-defence__Proposal-EU-Defence.pdf,Industrial and Economic Policy
81,proposal-for-the-european-commission-white-paper-on-the-future-of-european-defence__Proposal-EU-Defence.pdf,Defence and Military
81,proposal-for-the-european-commission-white-paper-on-the-future-of-european-defence__Proposal-EU-Defence.pdf,Transatlantic Relations
82,navigating-demographic-dynamics-strategies-for-tomorrow__European-View-Spring-2024.pdf,Demographics
83,sustainable-europe-cross-cutting-strategies-for-a-future-proof-union_11.pdf,AI and Technology
83,sustainable-europe-cross-cutting-strategies-for-a-future-proof-union_11.pdf,Climate and Environment
83,sustainable-europe-cross-cutting-strategies-for-a-future-proof-union_11.pdf,"Education, Research and Youth"
83,sustainable-europe-cross-cutting-strategies-for-a-future-proof-union_11.pdf,Industrial and Economic Policy
84,navigating-through-renewed-economic-uncertainty_European-View-Spring-2023.pdf,Populism and Extremism
84,navigating-through-renewed-economic-uncertainty_European-View-Spring-2023.pdf,China
84,navigating-through-renewed-economic-uncertainty_European-View-Spring-2023.pdf,Russia and Ukraine
84,navigating-through-renewed-economic-uncertainty_European-View-Spring-2023.pdf,"Education, Research and Youth"
84,navigating-through-renewed-economic-uncertainty_European-View-Spring-2023.pdf,Industrial and Economic Policy
84,navigating-through-renewed-economic-uncertainty_European-View-Spring-2023.pdf,Labour Market
84,navigating-through-renewed-economic-uncertainty_European-View-Spring-2023.pdf,Social Protection and Housing
84,navigating-through-renewed-economic-uncertainty_European-View-Spring-2023.pdf,Transatlantic Relations
85,navigating-demographic-dynamics-strategies-for-tomorrow_10.pdf,Western Balkans
85,navigating-demographic-dynamics-strategies-for-tomorrow_10.pdf,"Education, Research and Youth"
85,navigating-demographic-dynamics-strategies-for-tomorrow_10.pdf,Labour Market
85,navigating-demographic-dynamics-strategies-for-tomorrow_10.pdf,Migration
86,the-7ds-decarbonisation-in-depth__Decarbonisation.pdf,Climate and Environment
86,the-7ds-decarbonisation-in-depth__Decarbonisation.pdf,Energy
86,the-7ds-decarbonisation-in-depth__Decarbonisation.pdf,Industrial and Economic Policy
86,the-7ds-decarbonisation-in-depth__Decarbonisation.pdf,Infrastructure and Transport
87,the-7ds-in-depth__7Ds-In-Depth.pdf,Climate and Environment
87,the-7ds-in-depth__7Ds-In-Depth.pdf,"Education, Research and Youth"
87,the-7ds-in-depth__7Ds-In-Depth.pdf,Industrial and Economic Policy
88,the-future-of-transatlantic-relations_dzurinda-2025-the-future-of-transatlantic-relations.pdf,China
88,the-future-of-transatlantic-relations_dzurinda-2025-the-future-of-transatlantic-relations.pdf,EU Enlargement
88,the-future-of-transatlantic-relations_dzurinda-2025-the-future-of-transatlantic-relations.pdf,Russia and Ukraine
88,the-future-of-transatlantic-relations_dzurinda-2025-the-future-of-transatlantic-relations.pdf,South Caucasus and Central Asia
88,the-future-of-transatlantic-relations_dzurinda-2025-the-future-of-transatlantic-relations.pdf,Defence and Military
88,the-future-of-transatlantic-relations_dzurinda-2025-the-future-of-transatlantic-relations.pdf,Transatlantic Relations
89,the-athens-effect-5-reasons-why-france-and-the-eu-should-go-greek-on-debt__Martens-Centre-In-Brief.pdf,Financial Stability
89,the-athens-effect-5-reasons-why-france-and-the-eu-should-go-greek-on-debt__Martens-Centre-In-Brief.pdf,Populism and Extremism
89,the-athens-effect-5-reasons-why-france-and-the-eu-should-go-greek-on-debt__Martens-Centre-In-Brief.pdf,Industrial and Economic Policy
89,the-athens-effect-5-reasons-why-france-and-the-eu-should-go-greek-on-debt__Martens-Centre-In-Brief.pdf,Transatlantic Relations
90,overcoming-the-geography-of-discontent-new-perspectives-and-innovative-solutions_2.pdf,Populism and Extremism
90,overcoming-the-geography-of-discontent-new-perspectives-and-innovative-solutions_2.pdf,Western Balkans
90,overcoming-the-geography-of-discontent-new-perspectives-and-innovative-solutions_2.pdf,Labour Market
90,overcoming-the-geography-of-discontent-new-perspectives-and-innovative-solutions_2.pdf,Social Protection and Housing
91,intersecting-paths-strategic-autonomy-enlargement-and-the-future-of-eu-western-balkans-relations__Intersecting-Paths-v.6.pdf,Baltic Region
91,intersecting-paths-strategic-autonomy-enlargement-and-the-future-of-eu-western-balkans-relations__Intersecting-Paths-v.6.pdf,EU Enlargement
91,intersecting-paths-strategic-autonomy-enlargement-and-the-future-of-eu-western-balkans-relations__Intersecting-Paths-v.6.pdf,Russia and Ukraine
91,intersecting-paths-strategic-autonomy-enlargement-and-the-future-of-eu-western-balkans-relations__Intersecting-Paths-v.6.pdf,South Caucasus and Central Asia
91,intersecting-paths-strategic-autonomy-enlargement-and-the-future-of-eu-western-balkans-relations__Intersecting-Paths-v.6.pdf,Western Balkans
91,intersecting-paths-strategic-autonomy-enlargement-and-the-future-of-eu-western-balkans-relations__Intersecting-Paths-v.6.pdf,Transatlantic Relations
92,overcoming-the-geography-of-discontent-new-perspectives-and-innovative-solutions_3.pdf,Climate and Environment
92,overcoming-the-geography-of-discontent-new-perspectives-and-innovative-solutions_3.pdf,"Education, Research and Youth"
92,overcoming-the-geography-of-discontent-new-perspectives-and-innovative-solutions_3.pdf,Industrial and Economic Policy
92,overcoming-the-geography-of-discontent-new-perspectives-and-innovative-solutions_3.pdf,Labour Market
92,overcoming-the-geography-of-discontent-new-perspectives-and-innovative-solutions_3.pdf,Social Protection and Housing
93,navigating-demographic-dynamics-strategies-for-tomorrow_11.pdf,Populism and Extremism
93,navigating-demographic-dynamics-strategies-for-tomorrow_11.pdf,Climate and Environment
94,rural-europe-our-contract-with-rural-europe-a-five-point-plan-for-europes-heartlands__Rural-Europe-In-Focus.pdf,China
94,rural-europe-our-contract-with-rural-europe-a-five-point-plan-for-europes-heartlands__Rural-Europe-In-Focus.pdf,Climate and Environment
94,rural-europe-our-contract-with-rural-europe-a-five-point-plan-for-europes-heartlands__Rural-Europe-In-Focus.pdf,Industrial and Economic Policy
94,rural-europe-our-contract-with-rural-europe-a-five-point-plan-for-europes-heartlands__Rural-Europe-In-Focus.pdf,Infrastructure and Transport
94,rural-europe-our-contract-with-rural-europe-a-five-point-plan-for-europes-heartlands__Rural-Europe-In-Focus.pdf,Social Protection and Housing
95,navigating-through-renewed-economic-uncertainty__European-View-Spring-2023.pdf,Populism and Extremism
95,navigating-through-renewed-economic-uncertainty__European-View-Spring-2023.pdf,China
95,navigating-through-renewed-economic-uncertainty__European-View-Spring-2023.pdf,Russia and Ukraine
95,navigating-through-renewed-economic-uncertainty__European-View-Spring-2023.pdf,"Education, Research and Youth"
95,navigating-through-renewed-economic-uncertainty__European-View-Spring-2023.pdf,Industrial and Economic Policy
95,navigating-through-renewed-economic-uncertainty__European-View-Spring-2023.pdf,Labour Market
95,navigating-through-renewed-economic-uncertainty__European-View-Spring-2023.pdf,Social Protection and Housing
95,navigating-through-renewed-economic-uncertainty__European-View-Spring-2023.pdf,Transatlantic Relations
96,sustainable-europe-cross-cutting-strategies-for-a-future-proof-union_10.pdf,European Identity and Values
96,sustainable-europe-cross-cutting-strategies-for-a-future-proof-union_10.pdf,Populism and Extremism
96,sustainable-europe-cross-cutting-strategies-for-a-future-proof-union_10.pdf,Climate and Environment
96,sustainable-europe-cross-cutting-strategies-for-a-future-proof-union_10.pdf,Social Protection and Housing
98,sustainable-europe-cross-cutting-strategies-for-a-future-proof-union_12.pdf,Climate and Environment
98,sustainable-europe-cross-cutting-strategies-for-a-future-proof-union_12.pdf,Industrial and Economic Policy
98,sustainable-europe-cross-cutting-strategies-for-a-future-proof-union_12.pdf,Infrastructure and Transport
99,the-7ds-defence-extended__7Ds-Defence-Extended.pdf,Climate and Environment
99,the-7ds-defence-extended__7Ds-Defence-Extended.pdf,Industrial and Economic Policy
99,the-7ds-defence-extended__7Ds-Defence-Extended.pdf,Defence and Military
99,the-7ds-defence-extended__7Ds-Defence-Extended.pdf,Transatlantic Relations
100,navigating-demographic-dynamics-strategies-for-tomorrow_13.pdf,Populism and Extremism
101,culture-wars-how-to-stabilise-liberal-democracies-and-regain-ground-for-the-centre-right-parties__Culture-Wars-In-Focus.pdf,Elections and Parties
101,culture-wars-how-to-stabilise-liberal-democracies-and-regain-ground-for-the-centre-right-parties__Culture-Wars-In-Focus.pdf,European Identity and Values
101,culture-wars-how-to-stabilise-liberal-democracies-and-regain-ground-for-the-centre-right-parties__Culture-Wars-In-Focus.pdf,Populism and Extremism
102,the-un-sustainable-development-goals-some-reflections-from-the-perspective-of-the-european-economic-and-social-committee__The-UN-Sustainable-Development-Goals.pdf,Climate and Environment
102,the-un-sustainable-development-goals-some-reflections-from-the-perspective-of-the-european-economic-and-social-committee__The-UN-Sustainable-Development-Goals.pdf,Industrial and Economic Policy
103,overcoming-the-geography-of-discontent-new-perspectives-and-innovative-solutions_1.pdf,Climate and Environment
103,overcoming-the-geography-of-discontent-new-perspectives-and-innovative-solutions_1.pdf,"Education, Research and Youth"
103,overcoming-the-geography-of-discontent-new-perspectives-and-innovative-solutions_1.pdf,Infrastructure and Transport
103,overcoming-the-geography-of-discontent-new-perspectives-and-innovative-solutions_1.pdf,Social Protection and Housing
104,the-7ds-de-risking-globalisation-extended__De-risking-Globalisation.pdf,Asia and Indo-Pacific
104,the-7ds-de-risking-globalisation-extended__De-risking-Globalisation.pdf,China
104,the-7ds-de-risking-globalisation-extended__De-risking-Globalisation.pdf,Climate and Environment
104,the-7ds-de-risking-globalisation-extended__De-risking-Globalisation.pdf,Industrial and Economic Policy
104,the-7ds-de-risking-globalisation-extended__De-risking-Globalisation.pdf,Trade
104,the-7ds-de-risking-globalisation-extended__De-risking-Globalisation.pdf,Transatlantic Relations
106,european-sovereignty-between-autonomy-and-dependence-a-guide-for-eu-policy__European-sovereignty-between-autonomy-and-dependence.pdf,European Identity and Values
106,european-sovereignty-between-autonomy-and-dependence-a-guide-for-eu-policy__European-sovereignty-between-autonomy-and-dependence.pdf,China
106,european-sovereignty-between-autonomy-and-dependence-a-guide-for-eu-policy__European-sovereignty-between-autonomy-and-dependence.pdf,Russia and Ukraine
106,european-sovereignty-between-autonomy-and-dependence-a-guide-for-eu-policy__European-sovereignty-between-autonomy-and-dependence.pdf,Trade
106,european-sovereignty-between-autonomy-and-dependence-a-guide-for-eu-policy__European-sovereignty-between-autonomy-and-dependence.pdf,Defence and Military
106,european-sovereignty-between-autonomy-and-dependence-a-guide-for-eu-policy__European-sovereignty-between-autonomy-and-dependence.pdf,Transatlantic Relations
107,securing-europes-critical-minerals-leveraging-the-eu-ukraine-partnership-amidst-us-competition__Ukraine-Raw-Materials-Paper.pdf,South Caucasus and Central Asia
108,strengthening-the-lgbtiq-voice-as-part-of-the-centre-right-narrative__EPPride-Position-Paper.pdf,European Identity and Values
108,strengthening-the-lgbtiq-voice-as-part-of-the-centre-right-narrative__EPPride-Position-Paper.pdf,Populism and Extremism
108,strengthening-the-lgbtiq-voice-as-part-of-the-centre-right-narrative__EPPride-Position-Paper.pdf,Social Protection and Housing
109,navigating-demographic-dynamics-strategies-for-tomorrow_12.pdf,AI and Technology
109,navigating-demographic-dynamics-strategies-for-tomorrow_12.pdf,Climate and Environment
110,why-europe-needs-a-nuclear-deterrent-a-critical-appraisal__Martens-Centre-Research-Paper-1.pdf,Defence and Military
110,why-europe-needs-a-nuclear-deterrent-a-critical-appraisal__Martens-Centre-Research-Paper-1.pdf,Transatlantic Relations
111,sustainable-europe-cross-cutting-strategies-for-a-future-proof-union_13.pdf,European Identity and Values
111,sustainable-europe-cross-cutting-strategies-for-a-future-proof-union_13.pdf,Transatlantic Relations
112,the-7ds-democracy-in-depth__Democracy.pdf,European Identity and Values
112,the-7ds-democracy-in-depth__Democracy.pdf,Populism and Extremism
112,the-7ds-democracy-in-depth__Democracy.pdf,Climate and Environment
112,the-7ds-democracy-in-depth__Democracy.pdf,"Education, Research and Youth"
112,the-7ds-democracy-in-depth__Democracy.pdf,Industrial and Economic Policy
112,the-7ds-democracy-in-depth__Democracy.pdf,Social Protection and Housing
113,reconnecting-the-british-to-europe-strategic-imperatives-and-inconvenient-truths__Martens-Centre-Policy-Brief-1.pdf,European Identity and Values
113,reconnecting-the-british-to-europe-strategic-imperatives-and-inconvenient-truths__Martens-Centre-Policy-Brief-1.pdf,Populism and Extremism
113,reconnecting-the-british-to-europe-strategic-imperatives-and-inconvenient-truths__Martens-Centre-Policy-Brief-1.pdf,Transatlantic Relations
114,interparty-relations-in-the-european-parliament-1952-2024-between-cooperative-and-adversarial-politics__Martens-Centre-Research-Paper.pdf,European Identity and Values
114,interparty-relations-in-the-european-parliament-1952-2024-between-cooperative-and-adversarial-politics__Martens-Centre-Research-Paper.pdf,Populism and Extremism
114,interparty-relations-in-the-european-parliament-1952-2024-between-cooperative-and-adversarial-politics__Martens-Centre-Research-Paper.pdf,Transatlantic Relations
115,sustainable-europe-cross-cutting-strategies-for-a-future-proof-union_17.pdf,Middle East and North Africa
115,sustainable-europe-cross-cutting-strategies-for-a-future-proof-union_17.pdf,Russia and Ukraine
115,sustainable-europe-cross-cutting-strategies-for-a-future-proof-union_17.pdf,Trade
115,sustainable-europe-cross-cutting-strategies-for-a-future-proof-union_17.pdf,Defence and Military
115,sustainable-europe-cross-cutting-strategies-for-a-future-proof-union_17.pdf,Transatlantic Relations
116,the-war-in-ukraine-and-the-way-forward__WMCES-Ukraine-Paper.pdf,Baltic Region
116,the-war-in-ukraine-and-the-way-forward__WMCES-Ukraine-Paper.pdf,EU Enlargement
116,the-war-in-ukraine-and-the-way-forward__WMCES-Ukraine-Paper.pdf,Russia and Ukraine
116,the-war-in-ukraine-and-the-way-forward__WMCES-Ukraine-Paper.pdf,Western Balkans
116,the-war-in-ukraine-and-the-way-forward__WMCES-Ukraine-Paper.pdf,Defence and Military
116,the-war-in-ukraine-and-the-way-forward__WMCES-Ukraine-Paper.pdf,Transatlantic Relations
118,overcoming-the-geography-of-discontent-new-perspectives-and-innovative-solutions_4.pdf,Populism and Extremism
118,overcoming-the-geography-of-discontent-new-perspectives-and-innovative-solutions_4.pdf,Climate and Environment
118,overcoming-the-geography-of-discontent-new-perspectives-and-innovative-solutions_4.pdf,Infrastructure and Transport
119,confronting-europes-labour-shortage-a-strategic-blueprint-to-attract-global-talent-and-reverse-population-decline__Martens-Centre-Policy-Brief.pdf,Climate and Environment
119,confronting-europes-labour-shortage-a-strategic-blueprint-to-attract-global-talent-and-reverse-population-decline__Martens-Centre-Policy-Brief.pdf,"Education, Research and Youth"
119,confronting-europes-labour-shortage-a-strategic-blueprint-to-attract-global-talent-and-reverse-population-decline__Martens-Centre-Policy-Brief.pdf,Industrial and Economic Policy
119,confronting-europes-labour-shortage-a-strategic-blueprint-to-attract-global-talent-and-reverse-population-decline__Martens-Centre-Policy-Brief.pdf,Labour Market
119,confronting-europes-labour-shortage-a-strategic-blueprint-to-attract-global-talent-and-reverse-population-decline__Martens-Centre-Policy-Brief.pdf,Migration
119,confronting-europes-labour-shortage-a-strategic-blueprint-to-attract-global-talent-and-reverse-population-decline__Martens-Centre-Policy-Brief.pdf,Social Protection and Housing
120,overcoming-the-geography-of-discontent-new-perspectives-and-innovative-solutions_5.pdf,Climate and Environment
121,sustainable-europe-cross-cutting-strategies-for-a-future-proof-union_16.pdf,Populism and Extremism
121,sustainable-europe-cross-cutting-strategies-for-a-future-proof-union_16.pdf,Russia and Ukraine
122,building-a-transatlantic-approach-to-economic-security__Martens-Centre-Policy-Brief-2.pdf,Asia and Indo-Pacific
122,building-a-transatlantic-approach-to-economic-security__Martens-Centre-Policy-Brief-2.pdf,China
122,building-a-transatlantic-approach-to-economic-security__Martens-Centre-Policy-Brief-2.pdf,Climate and Environment
122,building-a-transatlantic-approach-to-economic-security__Martens-Centre-Policy-Brief-2.pdf,Industrial and Economic Policy
122,building-a-transatlantic-approach-to-economic-security__Martens-Centre-Policy-Brief-2.pdf,Infrastructure and Transport
122,building-a-transatlantic-approach-to-economic-security__Martens-Centre-Policy-Brief-2.pdf,Trade
122,building-a-transatlantic-approach-to-economic-security__Martens-Centre-Policy-Brief-2.pdf,Defence and Military
122,building-a-transatlantic-approach-to-economic-security__Martens-Centre-Policy-Brief-2.pdf,Transatlantic Relations
123,the-7ds-defence-in-depth__Defence.pdf,Climate and Environment
123,the-7ds-defence-in-depth__Defence.pdf,Industrial and Economic Policy
123,the-7ds-defence-in-depth__Defence.pdf,Defence and Military
123,the-7ds-defence-in-depth__Defence.pdf,Transatlantic Relations
124,gaining-insights-into-the-gender-gap-and-orientations-of-young-european-citizens-an-analysis-of-longitudinal-glocalities-survey-data-from-eight-european-countries__Gaining-Insights-Into-the-Gender-Gap.pdf,"Education, Research and Youth"
125,sustainable-europe-cross-cutting-strategies-for-a-future-proof-union_14.pdf,European Identity and Values
125,sustainable-europe-cross-cutting-strategies-for-a-future-proof-union_14.pdf,Asia and Indo-Pacific
125,sustainable-europe-cross-cutting-strategies-for-a-future-proof-union_14.pdf,China
125,sustainable-europe-cross-cutting-strategies-for-a-future-proof-union_14.pdf,Russia and Ukraine
125,sustainable-europe-cross-cutting-strategies-for-a-future-proof-union_14.pdf,Defence and Military
125,sustainable-europe-cross-cutting-strategies-for-a-future-proof-union_14.pdf,Transatlantic Relations
126,navigating-demographic-dynamics-strategies-for-tomorrow_15.pdf,Baltic Region
126,navigating-demographic-dynamics-strategies-for-tomorrow_15.pdf,EU Enlargement
126,navigating-demographic-dynamics-strategies-for-tomorrow_15.pdf,Russia and Ukraine
126,navigating-demographic-dynamics-strategies-for-tomorrow_15.pdf,South Caucasus and Central Asia
126,navigating-demographic-dynamics-strategies-for-tomorrow_15.pdf,Western Balkans
126,navigating-demographic-dynamics-strategies-for-tomorrow_15.pdf,Transatlantic Relations
127,overcoming-the-geography-of-discontent-new-perspectives-and-innovative-solutions_7.pdf,Baltic Region
127,overcoming-the-geography-of-discontent-new-perspectives-and-innovative-solutions_7.pdf,EU Enlargement
127,overcoming-the-geography-of-discontent-new-perspectives-and-innovative-solutions_7.pdf,Russia and Ukraine
127,overcoming-the-geography-of-discontent-new-perspectives-and-innovative-solutions_7.pdf,South Caucasus and Central Asia
127,overcoming-the-geography-of-discontent-new-perspectives-and-innovative-solutions_7.pdf,Western Balkans
127,overcoming-the-geography-of-discontent-new-perspectives-and-innovative-solutions_7.pdf,Defence and Military
127,overcoming-the-geography-of-discontent-new-perspectives-and-innovative-solutions_7.pdf,Transatlantic Relations
128,the-agenda-of-the-new-eu-institutional-cycle__Eleventh-European-Studies-conference-proceedings.pdf,Populism and Extremism
129,artificial-intelligence-and-democracy__AI-and-Democracy.pdf,AI and Technology
130,evaluating-chinas-energy-outlook-the-reds-are-far-from-green__Evaluating-Chinas-Energy-Outlook.pdf,Asia and Indo-Pacific
130,evaluating-chinas-energy-outlook-the-reds-are-far-from-green__Evaluating-Chinas-Energy-Outlook.pdf,China
130,evaluating-chinas-energy-outlook-the-reds-are-far-from-green__Evaluating-Chinas-Energy-Outlook.pdf,Climate and Environment
130,evaluating-chinas-energy-outlook-the-reds-are-far-from-green__Evaluating-Chinas-Energy-Outlook.pdf,Energy
131,overcoming-the-geography-of-discontent-new-perspectives-and-innovative-solutions_6.pdf,Populism and Extremism
131,overcoming-the-geography-of-discontent-new-perspectives-and-innovative-solutions_6.pdf,Social Protection and Housing
132,navigating-demographic-dynamics-strategies-for-tomorrow_14.pdf,European Identity and Values
132,navigating-demographic-dynamics-strategies-for-tomorrow_14.pdf,Populism and Extremism
132,navigating-demographic-dynamics-strategies-for-tomorrow_14.pdf,Social Protection and Housing
134,fortifying-economic-security-the-eus-response-to-chinas-risk__Fortifying-Economic-Security-The-EU-Response-to-China-Risk.pdf,Asia and Indo-Pacific
134,fortifying-economic-security-the-eus-response-to-chinas-risk__Fortifying-Economic-Security-The-EU-Response-to-China-Risk.pdf,China
134,fortifying-economic-security-the-eus-response-to-chinas-risk__Fortifying-Economic-Security-The-EU-Response-to-China-Risk.pdf,Russia and Ukraine
134,fortifying-economic-security-the-eus-response-to-chinas-risk__Fortifying-Economic-Security-The-EU-Response-to-China-Risk.pdf,South Caucasus and Central Asia
134,fortifying-economic-security-the-eus-response-to-chinas-risk__Fortifying-Economic-Security-The-EU-Response-to-China-Risk.pdf,Industrial and Economic Policy
134,fortifying-economic-security-the-eus-response-to-chinas-risk__Fortifying-Economic-Security-The-EU-Response-to-China-Risk.pdf,Trade
134,fortifying-economic-security-the-eus-response-to-chinas-risk__Fortifying-Economic-Security-The-EU-Response-to-China-Risk.pdf,Defence and Military
134,fortifying-economic-security-the-eus-response-to-chinas-risk__Fortifying-Economic-Security-The-EU-Response-to-China-Risk.pdf,Transatlantic Relations
136,sustainable-europe-cross-cutting-strategies-for-a-future-proof-union__European-View-Autumn-2023.pdf,Climate and Environment
136,sustainable-europe-cross-cutting-strategies-for-a-future-proof-union__European-View-Autumn-2023.pdf,Industrial and Economic Policy
137,overcoming-the-geography-of-discontent-new-perspectives-and-innovative-solutions_13.pdf,Middle East and North Africa
137,overcoming-the-geography-of-discontent-new-perspectives-and-innovative-solutions_13.pdf,"Education, Research and Youth"
137,overcoming-the-geography-of-discontent-new-perspectives-and-innovative-solutions_13.pdf,Labour Market
137,overcoming-the-geography-of-discontent-new-perspectives-and-innovative-solutions_13.pdf,Migration
137,overcoming-the-geography-of-discontent-new-perspectives-and-innovative-solutions_13.pdf,Transatlantic Relations
138,publications.pdf,Asia and Indo-Pacific
138,publications.pdf,China
138,publications.pdf,Climate and Environment
138,publications.pdf,Industrial and Economic Policy
138,publications.pdf,Infrastructure and Transport
138,publications.pdf,Trade
138,publications.pdf,Transatlantic Relations
139,navigating-demographic-dynamics-strategies-for-tomorrow_6.pdf,"Education, Research and Youth"
139,navigating-demographic-dynamics-strategies-for-tomorrow_6.pdf,Demographics
139,navigating-demographic-dynamics-strategies-for-tomorrow_6.pdf,Labour Market
139,navigating-demographic-dynamics-strategies-for-tomorrow_6.pdf,Social Protection and Housing
140,navigating-through-renewed-economic-uncertainty_14.pdf,Baltic Region
140,navigating-through-renewed-economic-uncertainty_14.pdf,EU Enlargement
140,navigating-through-renewed-economic-uncertainty_14.pdf,Russia and Ukraine
140,navigating-through-renewed-economic-uncertainty_14.pdf,South Caucasus and Central Asia
140,navigating-through-renewed-economic-uncertainty_14.pdf,Western Balkans
140,navigating-through-renewed-economic-uncertainty_14.pdf,Transatlantic Relations
141,navigating-through-renewed-economic-uncertainty_15.pdf,Elections and Parties
141,navigating-through-renewed-economic-uncertainty_15.pdf,Populism and Extremism
141,navigating-through-renewed-economic-uncertainty_15.pdf,Disinformation and Cybersecurity
142,navigating-demographic-dynamics-strategies-for-tomorrow_7.pdf,Populism and Extremism
142,navigating-demographic-dynamics-strategies-for-tomorrow_7.pdf,"Education, Research and Youth"
142,navigating-demographic-dynamics-strategies-for-tomorrow_7.pdf,Demographics
142,navigating-demographic-dynamics-strategies-for-tomorrow_7.pdf,Labour Market
142,navigating-demographic-dynamics-strategies-for-tomorrow_7.pdf,Migration
142,navigating-demographic-dynamics-strategies-for-tomorrow_7.pdf,Social Protection and Housing
143,chinas-influence-on-the-western-balkans-eu-accession-process-synergies-and-obstacles__Chinas-Influence-on-the-Western-Balkans-EU-Accession-Process-Synergies-and-Obstacles.pdf,Asia and Indo-Pacific
143,chinas-influence-on-the-western-balkans-eu-accession-process-synergies-and-obstacles__Chinas-Influence-on-the-Western-Balkans-EU-Accession-Process-Synergies-and-Obstacles.pdf,China
143,chinas-influence-on-the-western-balkans-eu-accession-process-synergies-and-obstacles__Chinas-Influence-on-the-Western-Balkans-EU-Accession-Process-Synergies-and-Obstacles.pdf,EU Enlargement
143,chinas-influence-on-the-western-balkans-eu-accession-process-synergies-and-obstacles__Chinas-Influence-on-the-Western-Balkans-EU-Accession-Process-Synergies-and-Obstacles.pdf,South Caucasus and Central Asia
143,chinas-influence-on-the-western-balkans-eu-accession-process-synergies-and-obstacles__Chinas-Influence-on-the-Western-Balkans-EU-Accession-Process-Synergies-and-Obstacles.pdf,Western Balkans
144,overcoming-the-geography-of-discontent-new-perspectives-and-innovative-solutions_12.pdf,Disinformation and Cybersecurity
145,the-7ds-for-sustainability-175-proposals-for-the-next-legislature__The-7Ds-for-Sustainability.pdf,European Identity and Values
145,the-7ds-for-sustainability-175-proposals-for-the-next-legislature__The-7Ds-for-Sustainability.pdf,China
145,the-7ds-for-sustainability-175-proposals-for-the-next-legislature__The-7Ds-for-Sustainability.pdf,Climate and Environment
145,the-7ds-for-sustainability-175-proposals-for-the-next-legislature__The-7Ds-for-Sustainability.pdf,"Education, Research and Youth"
145,the-7ds-for-sustainability-175-proposals-for-the-next-legislature__The-7Ds-for-Sustainability.pdf,Industrial and Economic Policy
145,the-7ds-for-sustainability-175-proposals-for-the-next-legislature__The-7Ds-for-Sustainability.pdf,Infrastructure and Transport
145,the-7ds-for-sustainability-175-proposals-for-the-next-legislature__The-7Ds-for-Sustainability.pdf,Social Protection and Housing
146,a-blueprint-for-accelerated-integration-and-phasing-in__KAS-Skopje-Collaborative-Publication.pdf,Baltic Region
146,a-blueprint-for-accelerated-integration-and-phasing-in__KAS-Skopje-Collaborative-Publication.pdf,EU Enlargement
146,a-blueprint-for-accelerated-integration-and-phasing-in__KAS-Skopje-Collaborative-Publication.pdf,South Caucasus and Central Asia
146,a-blueprint-for-accelerated-integration-and-phasing-in__KAS-Skopje-Collaborative-Publication.pdf,Western Balkans
147,navigating-through-renewed-economic-uncertainty_9.pdf,Populism and Extremism
147,navigating-through-renewed-economic-uncertainty_9.pdf,Defence and Military
147,navigating-through-renewed-economic-uncertainty_9.pdf,Transatlantic Relations
148,overcoming-the-geography-of-discontent-new-perspectives-and-innovative-solutions__European-View-Autumn-2024.pdf,Populism and Extremism
148,overcoming-the-geography-of-discontent-new-perspectives-and-innovative-solutions__European-View-Autumn-2024.pdf,Climate and Environment
148,overcoming-the-geography-of-discontent-new-perspectives-and-innovative-solutions__European-View-Autumn-2024.pdf,Social Protection and Housing
149,overcoming-the-geography-of-discontent-new-perspectives-and-innovative-solutions_10.pdf,Transatlantic Relations
150,the-future-of-transatlantic-relations_alli-2025-the-role-of-italy-in-shaping-the-transatlantic-relationship-under-trump.pdf,Populism and Extremism
150,the-future-of-transatlantic-relations_alli-2025-the-role-of-italy-in-shaping-the-transatlantic-relationship-under-trump.pdf,Asia and Indo-Pacific
150,the-future-of-transatlantic-relations_alli-2025-the-role-of-italy-in-shaping-the-transatlantic-relationship-under-trump.pdf,China
150,the-future-of-transatlantic-relations_alli-2025-the-role-of-italy-in-shaping-the-transatlantic-relationship-under-trump.pdf,Middle East and North Africa
150,the-future-of-transatlantic-relations_alli-2025-the-role-of-italy-in-shaping-the-transatlantic-relationship-under-trump.pdf,Russia and Ukraine
150,the-future-of-transatlantic-relations_alli-2025-the-role-of-italy-in-shaping-the-transatlantic-relationship-under-trump.pdf,Transatlantic Relations
151,the-future-of-transatlantic-relations_Owning-the-liberal-international-order.pdf,European Identity and Values
151,the-future-of-transatlantic-relations_Owning-the-liberal-international-order.pdf,Populism and Extremism
151,the-future-of-transatlantic-relations_Owning-the-liberal-international-order.pdf,Transatlantic Relations
152,sustainable-europe-cross-cutting-strategies-for-a-future-proof-union_European-View-Autumn-2023.pdf,Climate and Environment
152,sustainable-europe-cross-cutting-strategies-for-a-future-proof-union_European-View-Autumn-2023.pdf,Industrial and Economic Policy
153,navigating-demographic-dynamics-strategies-for-tomorrow_5.pdf,"Education, Research and Youth"
153,navigating-demographic-dynamics-strategies-for-tomorrow_5.pdf,Demographics
153,navigating-demographic-dynamics-strategies-for-tomorrow_5.pdf,Social Protection and Housing
154,brexit-navigating-the-politics-of-discord__Martens-Centre-Policy-Brief.pdf,Populism and Extremism
155,sustainable-europe-cross-cutting-strategies-for-a-future-proof-union_9.pdf,European Identity and Values
155,sustainable-europe-cross-cutting-strategies-for-a-future-proof-union_9.pdf,Populism and Extremism
155,sustainable-europe-cross-cutting-strategies-for-a-future-proof-union_9.pdf,Climate and Environment
155,sustainable-europe-cross-cutting-strategies-for-a-future-proof-union_9.pdf,Social Protection and Housing
156,finlands-nato-strategy__Finlands-NATO-Strategy-ENG.pdf,Baltic Region
156,finlands-nato-strategy__Finlands-NATO-Strategy-ENG.pdf,EU Enlargement
156,finlands-nato-strategy__Finlands-NATO-Strategy-ENG.pdf,Nordic Region
156,finlands-nato-strategy__Finlands-NATO-Strategy-ENG.pdf,Russia and Ukraine
156,finlands-nato-strategy__Finlands-NATO-Strategy-ENG.pdf,Defence and Military
156,finlands-nato-strategy__Finlands-NATO-Strategy-ENG.pdf,Transatlantic Relations
158,navigating-through-renewed-economic-uncertainty_16.pdf,Climate and Environment
158,navigating-through-renewed-economic-uncertainty_16.pdf,Energy
158,navigating-through-renewed-economic-uncertainty_16.pdf,Industrial and Economic Policy
159,sustainable-europe-cross-cutting-strategies-for-a-future-proof-union_8.pdf,Climate and Environment
159,sustainable-europe-cross-cutting-strategies-for-a-future-proof-union_8.pdf,Energy
160,navigating-demographic-dynamics-strategies-for-tomorrow_4.pdf,Climate and Environment
161,overcoming-the-geography-of-discontent-new-perspectives-and-innovative-solutions_11.pdf,European Identity and Values
161,overcoming-the-geography-of-discontent-new-perspectives-and-innovative-solutions_11.pdf,Populism and Extremism
161,overcoming-the-geography-of-discontent-new-perspectives-and-innovative-solutions_11.pdf,Transatlantic Relations
162,the-future-of-transatlantic-relations__Make-the-West-Great-Again-1.pdf,Populism and Extremism
162,the-future-of-transatlantic-relations__Make-the-West-Great-Again-1.pdf,Russia and Ukraine
162,the-future-of-transatlantic-relations__Make-the-West-Great-Again-1.pdf,Transatlantic Relations
163,navigating-through-renewed-economic-uncertainty_8.pdf,Asia and Indo-Pacific
163,navigating-through-renewed-economic-uncertainty_8.pdf,China
163,navigating-through-renewed-economic-uncertainty_8.pdf,Industrial and Economic Policy
163,navigating-through-renewed-economic-uncertainty_8.pdf,Trade
163,navigating-through-renewed-economic-uncertainty_8.pdf,Transatlantic Relations
166,keeping-the-european-momentum-a-pan-european-study-on-eu-enlargement-and-deepening__Martens-Centre-Pan-European-Survey.pdf,European Identity and Values
166,keeping-the-european-momentum-a-pan-european-study-on-eu-enlargement-and-deepening__Martens-Centre-Pan-European-Survey.pdf,Populism and Extremism
166,keeping-the-european-momentum-a-pan-european-study-on-eu-enlargement-and-deepening__Martens-Centre-Pan-European-Survey.pdf,EU Enlargement
167,the-7ds-debt-in-depth__Debt.pdf,Climate and Environment
167,the-7ds-debt-in-depth__Debt.pdf,"Education, Research and Youth"
167,the-7ds-debt-in-depth__Debt.pdf,Industrial and Economic Policy
167,the-7ds-debt-in-depth__Debt.pdf,Social Protection and Housing
168,navigating-through-renewed-economic-uncertainty_12.pdf,China
168,navigating-through-renewed-economic-uncertainty_12.pdf,Middle East and North Africa
168,navigating-through-renewed-economic-uncertainty_12.pdf,Russia and Ukraine
168,navigating-through-renewed-economic-uncertainty_12.pdf,South Caucasus and Central Asia
168,navigating-through-renewed-economic-uncertainty_12.pdf,Defence and Military
168,navigating-through-renewed-economic-uncertainty_12.pdf,Transatlantic Relations
169,why-price-stability-matters__Why-Price-Stability-Matters.pdf,Populism and Extremism
169,why-price-stability-matters__Why-Price-Stability-Matters.pdf,China
169,why-price-stability-matters__Why-Price-Stability-Matters.pdf,Climate and Environment
169,why-price-stability-matters__Why-Price-Stability-Matters.pdf,Industrial and Economic Policy
169,why-price-stability-matters__Why-Price-Stability-Matters.pdf,Trade
170,are-the-mainstream-parties-in-europe-germany-and-austria-crumbling-political-parties-as-decisive-actors-in-liberal-democracies__Are-the-Mainstream-Parties-in-Europe-Germany-and-Austria-crumbling.pdf,Elections and Parties
170,are-the-mainstream-parties-in-europe-germany-and-austria-crumbling-political-parties-as-decisive-actors-in-liberal-democracies__Are-the-Mainstream-Parties-in-Europe-Germany-and-Austria-crumbling.pdf,European Identity and Values
170,are-the-mainstream-parties-in-europe-germany-and-austria-crumbling-political-parties-as-decisive-actors-in-liberal-democracies__Are-the-Mainstream-Parties-in-Europe-Germany-and-Austria-crumbling.pdf,Populism and Extremism
171,navigating-through-renewed-economic-uncertainty_13.pdf,EU Enlargement
171,navigating-through-renewed-economic-uncertainty_13.pdf,Russia and Ukraine
171,navigating-through-renewed-economic-uncertainty_13.pdf,South Caucasus and Central Asia
171,navigating-through-renewed-economic-uncertainty_13.pdf,Western Balkans
171,navigating-through-renewed-economic-uncertainty_13.pdf,Transatlantic Relations
172,the-future-of-transatlantic-relations_kochis-2025-the-trump-administration-s-belief-in-multipolarity-informs-its-transatlantic-security-policy.pdf,EU Enlargement
172,the-future-of-transatlantic-relations_kochis-2025-the-trump-administration-s-belief-in-multipolarity-informs-its-transatlantic-security-policy.pdf,Russia and Ukraine
172,the-future-of-transatlantic-relations_kochis-2025-the-trump-administration-s-belief-in-multipolarity-informs-its-transatlantic-security-policy.pdf,Defence and Military
172,the-future-of-transatlantic-relations_kochis-2025-the-trump-administration-s-belief-in-multipolarity-informs-its-transatlantic-security-policy.pdf,Transatlantic Relations
173,navigating-demographic-dynamics-strategies-for-tomorrow_1.pdf,Populism and Extremism
173,navigating-demographic-dynamics-strategies-for-tomorrow_1.pdf,Climate and Environment
173,navigating-demographic-dynamics-strategies-for-tomorrow_1.pdf,"Education, Research and Youth"
173,navigating-demographic-dynamics-strategies-for-tomorrow_1.pdf,Demographics
173,navigating-demographic-dynamics-strategies-for-tomorrow_1.pdf,Labour Market
173,navigating-demographic-dynamics-strategies-for-tomorrow_1.pdf,Social Protection and Housing
174,overcoming-the-geography-of-discontent-new-perspectives-and-innovative-solutions_14.pdf,Elections and Parties
174,overcoming-the-geography-of-discontent-new-perspectives-and-innovative-solutions_14.pdf,European Identity and Values
174,overcoming-the-geography-of-discontent-new-perspectives-and-innovative-solutions_14.pdf,Populism and Extremism
175,finland-in-the-european-union-what-next__Finland-in-the-EU.pdf,Populism and Extremism
175,finland-in-the-european-union-what-next__Finland-in-the-EU.pdf,Baltic Region
175,finland-in-the-european-union-what-next__Finland-in-the-EU.pdf,Nordic Region
175,finland-in-the-european-union-what-next__Finland-in-the-EU.pdf,Russia and Ukraine
177,activity-report-2022__Activity-Report-2022.pdf,Populism and Extremism
177,activity-report-2022__Activity-Report-2022.pdf,Russia and Ukraine
177,activity-report-2022__Activity-Report-2022.pdf,Defence and Military
177,activity-report-2022__Activity-Report-2022.pdf,Transatlantic Relations
178,preventing-georgia-from-sliding-away-options-for-the-european-union__Georgia-In-Brief.pdf,EU Enlargement
178,preventing-georgia-from-sliding-away-options-for-the-european-union__Georgia-In-Brief.pdf,Russia and Ukraine
178,preventing-georgia-from-sliding-away-options-for-the-european-union__Georgia-In-Brief.pdf,South Caucasus and Central Asia
179,reconstructing-ukraine-how-the-eu-and-ukraine-can-mutually-benefit__Reconstructing-Ukraine-FINAL.pdf,Russia and Ukraine
180,overcoming-the-geography-of-discontent-new-perspectives-and-innovative-solutions_European-View-Autumn-2024.pdf,Populism and Extremism
180,overcoming-the-geography-of-discontent-new-perspectives-and-innovative-solutions_European-View-Autumn-2024.pdf,Climate and Environment
180,overcoming-the-geography-of-discontent-new-perspectives-and-innovative-solutions_European-View-Autumn-2024.pdf,Social Protection and Housing
181,navigating-demographic-dynamics-strategies-for-tomorrow_3.pdf,Climate and Environment
181,navigating-demographic-dynamics-strategies-for-tomorrow_3.pdf,Demographics
181,navigating-demographic-dynamics-strategies-for-tomorrow_3.pdf,Social Protection and Housing
182,russian-economy-still-standing-but-stuck__Milov-Russian-Economy-.pdf,Russia and Ukraine
182,russian-economy-still-standing-but-stuck__Milov-Russian-Economy-.pdf,South Caucasus and Central Asia
182,russian-economy-still-standing-but-stuck__Milov-Russian-Economy-.pdf,Industrial and Economic Policy
183,navigating-through-renewed-economic-uncertainty_11.pdf,Populism and Extremism
183,navigating-through-renewed-economic-uncertainty_11.pdf,China
183,navigating-through-renewed-economic-uncertainty_11.pdf,Russia and Ukraine
183,navigating-through-renewed-economic-uncertainty_11.pdf,Defence and Military
183,navigating-through-renewed-economic-uncertainty_11.pdf,Transatlantic Relations
184,navigating-through-renewed-economic-uncertainty_10.pdf,Baltic Region
184,navigating-through-renewed-economic-uncertainty_10.pdf,EU Enlargement
184,navigating-through-renewed-economic-uncertainty_10.pdf,Russia and Ukraine
184,navigating-through-renewed-economic-uncertainty_10.pdf,South Caucasus and Central Asia
184,navigating-through-renewed-economic-uncertainty_10.pdf,Western Balkans
185,navigating-demographic-dynamics-strategies-for-tomorrow_2.pdf,European Identity and Values
185,navigating-demographic-dynamics-strategies-for-tomorrow_2.pdf,Populism and Extremism
185,navigating-demographic-dynamics-strategies-for-tomorrow_2.pdf,Social Protection and Housing
186,the-future-of-transatlantic-relations_d-haeninck-hondeghem-2025-new-directives-for-equality-bodies-a-unified-future.pdf,Social Protection and Housing
187,the-future-of-transatlantic-relations_leuprecht-2025-the-europe-canada-schicksalsgemeinschaft-transatlantic-interdependency-in-the-new-north-atlantic-triangle.pdf,Asia and Indo-Pacific
187,the-future-of-transatlantic-relations_leuprecht-2025-the-europe-canada-schicksalsgemeinschaft-transatlantic-interdependency-in-the-new-north-atlantic-triangle.pdf,China
187,the-future-of-transatlantic-relations_leuprecht-2025-the-europe-canada-schicksalsgemeinschaft-transatlantic-interdependency-in-the-new-north-atlantic-triangle.pdf,Middle East and North Africa
187,the-future-of-transatlantic-relations_leuprecht-2025-the-europe-canada-schicksalsgemeinschaft-transatlantic-interdependency-in-the-new-north-atlantic-triangle.pdf,Trade
187,the-future-of-transatlantic-relations_leuprecht-2025-the-europe-canada-schicksalsgemeinschaft-transatlantic-interdependency-in-the-new-north-atlantic-triangle.pdf,Defence and Military
187,the-future-of-transatlantic-relations_leuprecht-2025-the-europe-canada-schicksalsgemeinschaft-transatlantic-interdependency-in-the-new-north-atlantic-triangle.pdf,Transatlantic Relations
